{
  "Reptiles" : {
    "transaction" : "Reptiles",
    "sampleCount" : 175,
    "errorCount" : 0,
    "errorPct" : 0.0,
    "meanResTime" : 5.257142857142856,
    "medianResTime" : 5.0,
    "minResTime" : 1.0,
    "maxResTime" : 22.0,
    "pct1ResTime" : 6.0,
    "pct2ResTime" : 7.0,
    "pct3ResTime" : 13.6400000000001,
    "throughput" : 1.817596410506746,
    "receivedKBytesPerSec" : 6.588786988086953,
    "sentKBytesPerSec" : 0.4472991166481445
  },
  "Main Catalog" : {
    "transaction" : "Main Catalog",
    "sampleCount" : 187,
    "errorCount" : 0,
    "errorPct" : 0.0,
    "meanResTime" : 4.283422459893047,
    "medianResTime" : 4.0,
    "minResTime" : 1.0,
    "maxResTime" : 17.0,
    "pct1ResTime" : 5.0,
    "pct2ResTime" : 5.599999999999994,
    "pct3ResTime" : 8.200000000000045,
    "throughput" : 1.7652833893441076,
    "receivedKBytesPerSec" : 8.544267342493297,
    "sentKBytesPerSec" : 0.7908872997536155
  },
  "Login" : {
    "transaction" : "Login",
    "sampleCount" : 175,
    "errorCount" : 0,
    "errorPct" : 0.0,
    "meanResTime" : 8.90285714285714,
    "medianResTime" : 9.0,
    "minResTime" : 3.0,
    "maxResTime" : 20.0,
    "pct1ResTime" : 11.0,
    "pct2ResTime" : 13.0,
    "pct3ResTime" : 20.0,
    "throughput" : 1.8168038786167373,
    "receivedKBytesPerSec" : 9.335958993438743,
    "sentKBytesPerSec" : 2.670204919256045
  },
  "Login-0" : {
    "transaction" : "Login-0",
    "sampleCount" : 175,
    "errorCount" : 0,
    "errorPct" : 0.0,
    "meanResTime" : 4.217142857142856,
    "medianResTime" : 4.0,
    "minResTime" : 1.0,
    "maxResTime" : 8.0,
    "pct1ResTime" : 5.0,
    "pct2ResTime" : 6.0,
    "pct3ResTime" : 7.240000000000009,
    "throughput" : 1.8169170551408371,
    "receivedKBytesPerSec" : 0.34244628090056795,
    "sentKBytesPerSec" : 1.5614130942616569
  },
  "Login-1" : {
    "transaction" : "Login-1",
    "sampleCount" : 175,
    "errorCount" : 0,
    "errorPct" : 0.0,
    "meanResTime" : 4.3599999999999985,
    "medianResTime" : 4.0,
    "minResTime" : 1.0,
    "maxResTime" : 16.0,
    "pct1ResTime" : 6.0,
    "pct2ResTime" : 8.0,
    "pct3ResTime" : 15.240000000000009,
    "throughput" : 1.8168416025581131,
    "receivedKBytesPerSec" : 8.993720784538159,
    "sentKBytesPerSec" : 1.1089121109363482
  },
  "Home-0" : {
    "transaction" : "Home-0",
    "sampleCount" : 191,
    "errorCount" : 0,
    "errorPct" : 0.0,
    "meanResTime" : 1.8743455497382195,
    "medianResTime" : 2.0,
    "minResTime" : 0.0,
    "maxResTime" : 7.0,
    "pct1ResTime" : 3.0,
    "pct2ResTime" : 3.3999999999999773,
    "pct3ResTime" : 5.159999999999968,
    "throughput" : 1.777901889602532,
    "receivedKBytesPerSec" : 0.25348991785348596,
    "sentKBytesPerSec" : 0.3228846690868472
  },
  "Home-1" : {
    "transaction" : "Home-1",
    "sampleCount" : 191,
    "errorCount" : 0,
    "errorPct" : 0.0,
    "meanResTime" : 1.7539267015706808,
    "medianResTime" : 2.0,
    "minResTime" : 0.0,
    "maxResTime" : 11.0,
    "pct1ResTime" : 2.0,
    "pct2ResTime" : 3.0,
    "pct3ResTime" : 9.159999999999968,
    "throughput" : 1.7779515391847487,
    "receivedKBytesPerSec" : 2.345715360779878,
    "sentKBytesPerSec" : 0.3246299667448593
  },
  "Perros" : {
    "transaction" : "Perros",
    "sampleCount" : 175,
    "errorCount" : 0,
    "errorPct" : 0.0,
    "meanResTime" : 5.388571428571431,
    "medianResTime" : 5.0,
    "minResTime" : 1.0,
    "maxResTime" : 17.0,
    "pct1ResTime" : 6.400000000000006,
    "pct2ResTime" : 7.199999999999989,
    "pct3ResTime" : 16.24000000000001,
    "throughput" : 1.8181062605190432,
    "receivedKBytesPerSec" : 7.627523921083799,
    "sentKBytesPerSec" : 0.44032260996945577
  },
  "Pajaros" : {
    "transaction" : "Pajaros",
    "sampleCount" : 175,
    "errorCount" : 0,
    "errorPct" : 0.0,
    "meanResTime" : 5.120000000000002,
    "medianResTime" : 5.0,
    "minResTime" : 1.0,
    "maxResTime" : 19.0,
    "pct1ResTime" : 6.400000000000006,
    "pct2ResTime" : 7.0,
    "pct3ResTime" : 14.440000000000055,
    "throughput" : 1.8182762740921605,
    "receivedKBytesPerSec" : 6.587700172736246,
    "sentKBytesPerSec" : 0.44213944555561324
  },
  "Total" : {
    "transaction" : "Total",
    "sampleCount" : 2501,
    "errorCount" : 0,
    "errorPct" : 0.0,
    "meanResTime" : 4.822870851659325,
    "medianResTime" : 4.0,
    "minResTime" : 0.0,
    "maxResTime" : 25.0,
    "pct1ResTime" : 8.0,
    "pct2ResTime" : 9.0,
    "pct3ResTime" : 14.0,
    "throughput" : 23.20295394663599,
    "receivedKBytesPerSec" : 71.61201632486919,
    "sentKBytesPerSec" : 12.217142243338776
  },
  "Sign In" : {
    "transaction" : "Sign In",
    "sampleCount" : 184,
    "errorCount" : 0,
    "errorPct" : 0.0,
    "meanResTime" : 5.923913043478264,
    "medianResTime" : 6.0,
    "minResTime" : 1.0,
    "maxResTime" : 17.0,
    "pct1ResTime" : 8.0,
    "pct2ResTime" : 8.0,
    "pct3ResTime" : 11.05000000000004,
    "throughput" : 1.7583425710026375,
    "receivedKBytesPerSec" : 6.736213226510836,
    "sentKBytesPerSec" : 0.9358366222621459
  },
  "Sign Out" : {
    "transaction" : "Sign Out",
    "sampleCount" : 169,
    "errorCount" : 0,
    "errorPct" : 0.0,
    "meanResTime" : 8.840236686390531,
    "medianResTime" : 9.0,
    "minResTime" : 3.0,
    "maxResTime" : 25.0,
    "pct1ResTime" : 12.0,
    "pct2ResTime" : 13.0,
    "pct3ResTime" : 22.900000000000034,
    "throughput" : 1.7915257651087106,
    "receivedKBytesPerSec" : 9.272079610926188,
    "sentKBytesPerSec" : 1.8743233743758811
  },
  "Sign Out-0" : {
    "transaction" : "Sign Out-0",
    "sampleCount" : 169,
    "errorCount" : 0,
    "errorPct" : 0.0,
    "meanResTime" : 3.940828402366863,
    "medianResTime" : 4.0,
    "minResTime" : 1.0,
    "maxResTime" : 12.0,
    "pct1ResTime" : 5.0,
    "pct2ResTime" : 6.0,
    "pct3ResTime" : 8.500000000000057,
    "throughput" : 1.7916017343552886,
    "receivedKBytesPerSec" : 0.58262048587921,
    "sentKBytesPerSec" : 0.9482891992388344
  },
  "Home" : {
    "transaction" : "Home",
    "sampleCount" : 191,
    "errorCount" : 0,
    "errorPct" : 0.0,
    "meanResTime" : 3.8586387434554963,
    "medianResTime" : 4.0,
    "minResTime" : 1.0,
    "maxResTime" : 18.0,
    "pct1ResTime" : 5.0,
    "pct2ResTime" : 6.0,
    "pct3ResTime" : 12.479999999999905,
    "throughput" : 1.7778687914215505,
    "receivedKBytesPerSec" : 2.599091387459044,
    "sentKBytesPerSec" : 0.6474935162474867
  },
  "Sign Out-1" : {
    "transaction" : "Sign Out-1",
    "sampleCount" : 169,
    "errorCount" : 0,
    "errorPct" : 0.0,
    "meanResTime" : 4.514792899408286,
    "medianResTime" : 4.0,
    "minResTime" : 1.0,
    "maxResTime" : 20.0,
    "pct1ResTime" : 7.0,
    "pct2ResTime" : 8.0,
    "pct3ResTime" : 19.30000000000001,
    "throughput" : 1.7916207276736495,
    "receivedKBytesPerSec" : 8.689944429278686,
    "sentKBytesPerSec" : 0.9261234734119244
  }
}